<?xml version="1.0" encoding="UTF-8"?>
<mods xmlns:xlink="http://www.w3.org/1999/xlink" version="3.0" xmlns:xsi="http://www.w3.org/2001/XMLSchema-instance" xmlns="http://www.loc.gov/mods/v3" xsi:schemaLocation="http://www.loc.gov/mods/v3 http://www.loc.gov/standards/mods/v3/mods-3-0.xsd">
	<titleInfo>
		<title>Campbell County, Wyoming /</title>
	</titleInfo>
	<name type="corporate">
		<namePart>Campbell County Chamber of Commerce</namePart>
	</name>
	<typeOfResource>cartographic</typeOfResource>
	<genre authority="marc">map</genre>
	<originInfo>
		<place>
			<placeTerm authority="marccountry" type="code">wyu</placeTerm>
		</place>
		<place>
			<placeTerm type="text">[Gillette, Wyo.]</placeTerm>
		</place>
		<publisher>Campbell County Chamber of Commerce</publisher>
		<dateIssued>[1982?]</dateIssued>
		<dateIssued encoding="marc">1982</dateIssued>
		<issuance>monographic</issuance>
	</originInfo>
	<language>
		<languageTerm authority="iso639-2b" type="code">eng</languageTerm>
	</language>
	<physicalDescription>
		<extent>1 map ; 33 x 15 cm.</extent>
	</physicalDescription>
	<note type="statement of responsibility">this map reproduced by Campbell County Chamber of Commerce.</note>
	<note>In lower right corner: Kintzels-Casper.</note>
	
	<subject authority="lcsh">
		<geographic>Campbell County (Wyo.)</geographic>
		<topic>Maps</topic>
	</subject>
	<classification authority="lcc">G4263.C3 1982  .C3</classification>
	<recordInfo>
		<recordContentSource>DLC</recordContentSource>
		<recordCreationDate encoding="marc">830222</recordCreationDate>
		<recordChangeDate encoding="iso8601">19830426000000.0</recordChangeDate>
		<recordIdentifier>5466714</recordIdentifier>
	</recordInfo>
</mods>
