<?xml version='1.0' encoding='UTF-8' ?>
<mods xmlns:xlink="http://www.w3.org/1999/xlink" version="3.0" xmlns:xsi="http://www.w3.org/2001/XMLSchema-instance" xmlns="http://www.loc.gov/mods/v3" xsi:schemaLocation="http://www.loc.gov/mods/v3 http://www.loc.gov/standards/mods/v3/mods-3-0.xsd">
	
  <titleInfo>
		
    <title>Massachusetts death and marriage records, 1837-1897.</title>
	
  </titleInfo>
	
  <typeOfResource manuscript="yes" collection="yes">mixed material</typeOfResource>
	
  <originInfo>
		
    <place>
      <placeTerm authority="marccountry" type="code">mau</placeTerm>
    </place>
		
    <issuance>monographic</issuance>
	
  </originInfo>
	
  <language>
    <languageTerm authority="iso639-2b" type="code">eng</languageTerm>
  </language>
	
  <physicalDescription>
		
    <extent>2</extent>
	
  </physicalDescription>
	
  <abstract>Records of deaths and marriages in Millbury and Springfield, Mass.</abstract>
	
  <note>Purchase, 1946.</note>
	
  <note>Forms part of: Miscellaneous Manuscripts collection.</note>
	
  <subject authority="lcsh">
		
    <topic>Registers of births, etc</topic>
		
    <geographic>Massachusetts</geographic>
		
    <geographic>Millbury.</geographic>
	
  </subject>
	
  <subject authority="lcsh">
		
    <topic>Registers of births, etc</topic>
		
    <geographic>Massachusetts</geographic>
		
    <geographic>Springfield.</geographic>
	
  </subject>
	
	
  <location>
    <physicalLocation>Library of Congress Manuscript Division</physicalLocation>
  </location>
	
  <recordInfo>
		
    <recordContentSource>DLC</recordContentSource>
		
    <recordCreationDate encoding="marc">830926</recordCreationDate>
		
    <recordChangeDate encoding="iso8601">19991213115810.0</recordChangeDate>
		
    <recordIdentifier>5810505</recordIdentifier>
	
  </recordInfo>

</mods>