<mods xmlns:xlink="http://www.w3.org/1999/xlink" version="3.0" xmlns:xsi="http://www.w3.org/2001/XMLSchema-instance" xmlns="http://www.loc.gov/mods/v3" xsi:schemaLocation="http://www.loc.gov/mods/v3 http://www.loc.gov/standards/mods/v3/mods-3-0.xsd">
		<titleInfo>
			<title>Fifth-Grade Boys' Decisions about Participation in Sports Activities</title>
		</titleInfo>
		<name type="personal">
			<namePart type="family">Conley</namePart>
			<namePart type="given">Alice</namePart>
			<role>
				<roleTerm type="text">author</roleTerm>
			</role>
		</name>
		<typeOfResource>text</typeOfResource>
		<relatedItem type="host">
			<titleInfo>
				<title>Non-subject-matter Outcomes of Schooling</title>
			</titleInfo>
			<name>
				<namePart>Good, Thomas L.</namePart>
				<role>
					<roleTerm>editor</roleTerm>
				</role>
			</name>
			<note type="statement of responsibility">ed.  Thomas L. Good</note>
			<originInfo>
				<issuance>continuing</issuance>
			</originInfo>
			<part>
				<detail type="title">
					<title>Special issue, Elementary School Journal</title>
				</detail>
				<detail type="volume">
					<number>99</number>
				</detail>
				<detail type="issue">
					<number>5</number>
					<caption>no.</caption>
				</detail>
				<extent unit="page">
					<start>131</start>
					<end>146</end>
				</extent>
				<date>1999</date>
			</part>
		</relatedItem>
	</mods>
