<?xml version='1.0' encoding='UTF-8' ?>
<mods xmlns:xlink="http://www.w3.org/1999/xlink" version="3.0" xmlns:xsi="http://www.w3.org/2001/XMLSchema-instance" xmlns="http://www.loc.gov/mods/v3" xsi:schemaLocation="http://www.loc.gov/mods/v3 http://www.loc.gov/standards/mods/v3/mods-3-0.xsd">
	
  <titleInfo>
		
    <nonSort>The </nonSort>
		
    <title>Cast iron story [motion picture] /</title>
	
  </titleInfo>
	
  <name type="corporate">
		
    <namePart>Walter J. Klein Company</namePart>
	
  </name>
	
  <typeOfResource>moving image</typeOfResource>
	
  <genre authority="marc">motion picture</genre>
	
  <originInfo>
		
    <place>
      <placeTerm authority="marccountry" type="code">ncu</placeTerm>
    </place>
    <place>
      <placeTerm type="text">Charlotte, N.C</placeTerm>
    </place>
		
    <publisher>W.J. Klein Co</publisher>
		
    <dateIssued>1978</dateIssued>
		
    <issuance>monographic</issuance>
	
  </originInfo>
	
  <language>
    <languageTerm authority="iso639-2b" type="code">eng</languageTerm>
  </language>
	
  <physicalDescription>
		
    <extent>1 film reel (15 min.) : sd., col. ; 16 mm.</extent>
	
  </physicalDescription>
	
  <abstract>Shows how cast iron bathtubs are manufactured, illustrating each step from the sculpturing of the wood patterns through the casting and enameling processes.</abstract>
	
  <targetAudience>adult</targetAudience>
	
  <note type="statement of responsibility">Walter J. Klein Company.</note>
	
  <note>Title from data sheet.</note>
	
  <note>Intended audience: Junior high school students through adults.</note>
	
  <note>Issued also as super 8 mm. and as videorecording.</note>
	
  <subject authority="lcsh">
		
    <topic>Bathtubs</topic>
	
  </subject>
	
  <subject authority="lcsh">
		
    <topic>Cast-iron</topic>
	
  </subject>
	
  <subject authority="lcsh">
		
    <topic>Iron-founding</topic>
	
  </subject>
	
  <subject authority="lcshac">
		
    <topic>Bathtubs</topic>
	
  </subject>
	
  <subject authority="lcshac">
		
    <topic>&lt;B&gt;Hello World&lt;/B&gt;Cast-iron</topic>
	
  </subject>
	
  <subject authority="lcshac">
		
    <topic>Iron founding</topic>
	
  </subject>
	
  <classification authority="lcc">TH6493</classification>
	
  <classification edition="11" authority="ddc">683</classification>
	
	
	
  <recordInfo>
		
    <recordContentSource>Walter J. Klein Co.</recordContentSource>
		
    <recordCreationDate encoding="marc">820106</recordCreationDate>
		
    <recordChangeDate encoding="iso8601">19980501135351.7</recordChangeDate>
		
    <recordIdentifier>11510774</recordIdentifier>
	
  </recordInfo>

</mods>