<mods xmlns:xlink="http://www.w3.org/1999/xlink" version="3.0" xmlns:xsi="http://www.w3.org/2001/XMLSchema-instance" xmlns="http://www.loc.gov/mods/v3" xsi:schemaLocation="http://www.loc.gov/mods/v3 http://www.loc.gov/standards/mods/v3/mods-3-0.xsd">
	<titleInfo>
		<title>2700 MHz observations of 4c radio sources in the declination zone +4 to -4</title>
	</titleInfo>
	<name type="personal">
		<namePart type="family">Wall</namePart>
		<namePart type="given">J. V.</namePart>
		<role>
			<roleTerm type="text">author</roleTerm>
		</role>
	</name>
	<typeOfResource>text</typeOfResource>
	<relatedItem type="host">
	<titleInfo>
		<title>Australian Journal of Physics and Astronphysics</title>
	</titleInfo>
		<titleInfo type="abbreviated">
			<title>Australian J. Phys. Astronphys.</title>
		</titleInfo>
		<originInfo>
			<issuance>continuing</issuance>
		</originInfo>
		<genre>academic journal</genre>
		<part>
			<detail type="supplement">
				<caption>Suppl. no.</caption>
				<number>20</number>
			</detail>
			<date>1971</date>
		</part>
	</relatedItem>
</mods>
