<?xml version='1.0' encoding='UTF-8' ?>
<mods xmlns:xlink="http://www.w3.org/1999/xlink" version="3.0" xmlns:xsi="http://www.w3.org/2001/XMLSchema-instance" xmlns="http://www.loc.gov/mods/v3" xsi:schemaLocation="http://www.loc.gov/mods/v3 http://www.loc.gov/standards/mods/v3/mods-3-0.xsd">
	
  <titleInfo>
		
    <title>2001 bluegrass odyssey [sound recording].</title>
	
  </titleInfo>
	
  <name type="corporate">
		
    <namePart>Roustabouts (Musical group)</namePart>
		
    <role>
      <roleTerm type="code">prf</roleTerm>
    </role>
	
  </name>
	
  <typeOfResource>sound recording</typeOfResource>
	
  <originInfo>
		
    <place>
      <placeTerm authority="marccountry" type="code">ncu</placeTerm>
    </place>
    <place>
      <placeTerm type="text">Charlotte, NC</placeTerm>
    </place>
		
    <publisher>Lamon Records</publisher>
		
    <dateIssued>p1980</dateIssued>
		
    <dateIssued encoding="marc">1980</dateIssued>
		
    <issuance>monographic</issuance>
	
  </originInfo>
	
  <language>
    <languageTerm authority="iso639-2b" type="code">eng</languageTerm>
  </language>
	
  <physicalDescription>
		
    <extent>1 sound disc : analog, 33 1/3 rpm ; 12 in.</extent>
	
  </physicalDescription>
	
  <tableOfContents>Bluegrass odyssey -- Hills of Tennessee -- Sassafrass -- Muddy river -- Take your shoes off Moses -- Don't let Smokey Mountain smoke get in your eyes -- Farewell party -- Faded love -- Super sonic bluegrass -- Old love letters -- Will the circle be unbroken.</tableOfContents>
	
  <note>Brief record.</note>
	
  <note type="performers">Performed by the Roustabouts.</note>
	
  <subject authority="lcsh">
		
    <topic>Country music</topic>
		
    <temporal>1971-1980.</temporal>
	
  </subject>
	
  <subject authority="lcsh">
		
    <topic>Bluegrass music</topic>
		
    <temporal>1971-1980.</temporal>
	
  </subject>
	
  <classification authority="lcc">Lamon Records LR-4280</classification>
	
	
	
  <recordInfo>
		
    <recordContentSource>DLC</recordContentSource>
		
    <recordCreationDate encoding="marc">940829</recordCreationDate>
		
    <recordChangeDate encoding="iso8601">19940830080228.8</recordChangeDate>
		
    <recordIdentifier>5718053</recordIdentifier>
	
  </recordInfo>

</mods>