<?xml version="1.0" encoding="UTF-8"?>
<mods xmlns:xlink="http://www.w3.org/1999/xlink" version="3.0" xmlns:xsi="http://www.w3.org/2001/XMLSchema-instance" xmlns="http://www.loc.gov/mods/v3" xsi:schemaLocation="http://www.loc.gov/mods/v3 http://www.loc.gov/standards/mods/v3/mods-3-0.xsd">
	<titleInfo>
		<title>Models, Fantasies and Phantoms of Transition</title>
	</titleInfo>
	<name type="personal">
		<namePart type="given">Ash</namePart>
		<namePart type="family">Amin</namePart>
		<role>
			<roleTerm type="text">author</roleTerm>
		</role>
	</name>
	<typeOfResource>text</typeOfResource>
	<relatedItem type="host">
		<titleInfo>
			<title>Post-Fordism</title>
			<subTitle>A Reader</subTitle>
		</titleInfo>
		<name type="personal">
			<namePart type="given">Ash</namePart>
			<namePart type="family">Amin</namePart>
			<role>
				<roleTerm type="text">editor</roleTerm>
			</role>
		</name>
		<originInfo>
			<dateIssued>1994</dateIssued>
			<publisher>Blackwell Publishers</publisher>
			<place>
				<placeTerm type="text">Oxford</placeTerm>
			</place>
		</originInfo>
		<part>
			<extent unit="page">
				<start>23</start>
				<end>45</end>
			</extent>
		</part>
	</relatedItem>
	<identifier>Amin1994a</identifier>
</mods>
