<?xml version="1.0" encoding="UTF-8"?>
<!-- edited with XMLSPY v2004 rel. 2 U (http://www.xmlspy.com) by Jacqueline Radebaugh (Library of Congress) -->
<mods xmlns:xlink="http://www.w3.org/1999/xlink" version="3.0" xmlns:xsi="http://www.w3.org/2001/XMLSchema-instance" xmlns="http://www.loc.gov/mods/v3" xsi:schemaLocation="http://www.loc.gov/mods/v3 http://www.loc.gov/standards/mods/v3/mods-3-0.xsd">
	<titleInfo>
		<nonSort>The </nonSort>
		<title>American ballroom companion [computer file] :</title>
		<subTitle>dance instruction manuals, ca. 1600-1920 /</subTitle>
	</titleInfo>
	<titleInfo type="alternative">
		<title>Dance instruction manuals, ca. 1600-1920</title>
	</titleInfo>
	<name type="corporate">
		<namePart>Library of Congress</namePart>
		<namePart>Music Division.</namePart>
	</name>
	<name type="corporate">
		<namePart>Library of Congress</namePart>
		<namePart>National Digital Library Program.</namePart>
	</name>
	<typeOfResource>software, multimedia</typeOfResource>
	<originInfo>
		<place>
			<placeTerm authority="marccountry" type="code">dcu</placeTerm>
		</place>
		<place>
			<placeTerm type="text">[Washington, D.C</placeTerm>
		</place>
		<publisher>Library of Congress</publisher>
		<dateIssued>1998-]</dateIssued>
		<dateIssued encoding="marc" point="start">1998</dateIssued>
		<dateIssued encoding="marc" point="end">9999</dateIssued>
		<issuance>monographic</issuance>
	</originInfo>
	<language>
		<languageTerm authority="iso639-2b" type="code">eng</languageTerm>
	</language>
	<physicalDescription>
		<form authority="marcform">electronic</form>
		<form>Computer data and programs.</form>
	</physicalDescription>
	<abstract>Presents over two hundred social dance manuals, pocket-sized books with diagrams used by itinerant dancing masters to teach the American gentry the latest dance steps. Includes anti-dance manuals as well as treatises on etiquette. Offered as part of the American Memory online resource compiled by the National Digital Library Program of the Library of Congress.</abstract>
	<note type="statement of responsibility">Music Division, Library of Congress.</note>
	<note>Title from title screen dated Mar. 23, 1998.</note>
	<note>System requirements: World Wide Web (WWW) browser software.</note>
	<note>Mode of access: Internet.</note>
	<subject authority="lcsh">
		<topic>Ballroom dancing</topic>
		<geographic>United States.</geographic>
	</subject>
	<classification authority="lcc">GV1623</classification>
	<classification edition="13" authority="ddc">793.3</classification>
	<location>
		<url>http://memory.loc.gov/ammem/dihtml/dihome.html</url>
	</location>
	<recordInfo>
		<recordContentSource>DLC</recordContentSource>
		<recordCreationDate encoding="marc">980323</recordCreationDate>
		<recordChangeDate encoding="iso8601">20010614091341.0</recordChangeDate>
		<recordIdentifier>5004836</recordIdentifier>
	</recordInfo>
</mods>
