<?xml version='1.0' encoding='UTF-8' ?>
<mods xmlns:xlink="http://www.w3.org/1999/xlink" version="3.0" xmlns:xsi="http://www.w3.org/2001/XMLSchema-instance" xmlns="http://www.loc.gov/mods/v3" xsi:schemaLocation="http://www.loc.gov/mods/v3 http://www.loc.gov/standards/mods/v3/mods-3-0.xsd">
		
  <titleInfo>
			
    <title>Directory of computer assisted research in musicology.</title>
		
  </titleInfo>
		
  <titleInfo type="alternative">
			
    <title>Computer assisted research in musicology</title>
		
  </titleInfo>
		
  <name type="corporate">
			
    <namePart>Center for Computer Assisted Research in the Humanities</namePart>
		
  </name>
		
  <typeOfResource>text</typeOfResource>
		
  <genre authority="marc">directory</genre>
		
  <originInfo>
			
    <place>
      <placeTerm authority="marccountry" type="code">cau</placeTerm>
    </place>
    <place>
      <placeTerm type="text">Menlo Park, CA</placeTerm>
    </place>
			
    <publisher>Center for Computer Assisted Research in the Humanities</publisher>
			
    <dateIssued>-1988</dateIssued>
			
    <dateIssued encoding="marc" point="start">1985</dateIssued>
			
    <dateIssued encoding="marc" point="end">1988</dateIssued>
			
    <issuance>continuing</issuance>
			
    <frequency>Annual</frequency>
		
  </originInfo>
		
  <language>
    <languageTerm authority="iso639-2b" type="code">eng</languageTerm>
  </language>
		
  <physicalDescription>
			
    <form authority="marcform">print</form>
			
    <extent>4 v. : ill., music ; 26 cm.</extent>
		
  </physicalDescription>
		
  <note>Description based on: 1986.</note>
		
  <subject authority="lcsh">
			
    <topic>Musicology</topic>
			
    <topic>Data processing</topic>
			
    <topic>Periodicals</topic>
		
  </subject>
		
  <subject authority="lcsh">
			
    <topic>Music</topic>
			
    <topic>Bibliography</topic>
			
    <topic>Periodicals</topic>
		
  </subject>
		
  <subject authority="lcsh">
			
    <topic>Musicians</topic>
			
    <topic>Directories</topic>
		
  </subject>
		
  <subject authority="lcsh">
			
    <topic>Musicologists</topic>
			
    <topic>Directories</topic>
		
  </subject>
		
  <subject authority="lcsh">
			
    <topic>Musicology</topic>
			
    <topic>Data processing</topic>
			
    <topic>Directories</topic>
		
  </subject>
		
  <classification authority="lcc">ML73 .D57</classification>
		
  <classification edition="19" authority="ddc">780/.01/02584</classification>
		
  <relatedItem type="succeeding">
			
    <titleInfo>
				
      <title>Computing in musicology</title>
			
    </titleInfo>
			
			
			
		
  </relatedItem>
		
		
  <recordInfo>
			
    <recordContentSource>DLC</recordContentSource>
			
    <recordCreationDate encoding="marc">861202</recordCreationDate>
			
    <recordChangeDate encoding="iso8601">20020320050438.0</recordChangeDate>
			
    <recordIdentifier>11315879</recordIdentifier>
		
  </recordInfo>
	
</mods>