<?xml version="1.0" encoding="UTF-8"?>
<mods xmlns:xlink="http://www.w3.org/1999/xlink" version="3.0" xmlns:xsi="http://www.w3.org/2001/XMLSchema-instance" xmlns="http://www.loc.gov/mods/v3" xsi:schemaLocation="http://www.loc.gov/mods/v3 http://www.loc.gov/standards/mods/v3/mods-3-0.xsd">
	<titleInfo>
		<title>Sound and fury :</title>
		<subTitle>the making of the punditocracy /</subTitle>
	</titleInfo>
	<name type="personal">
		<namePart>Alterman, Eric</namePart>
		<role>
			<roleTerm type="text">creator</roleTerm>
		</role>
	</name>
	<typeOfResource>text</typeOfResource>
	<genre authority="marc">bibliography</genre>
	<originInfo>
		<place>
			<placeTerm authority="marccountry" type="code">nyu</placeTerm>
		</place>
		<place>
			<placeTerm type="text">Ithaca, N.Y</placeTerm>
		</place>
		<publisher>Cornell University Press</publisher>
		<dateIssued>c1999</dateIssued>
		<dateIssued encoding="marc">1999</dateIssued>
		<issuance>monographic</issuance>
	</originInfo>
	<language>
		<languageTerm authority="iso639-2b" type="code">eng</languageTerm>
	</language>
	<physicalDescription>
		<form authority="marcform">print</form>
		<extent>vii, 322 p. ; 23 cm.</extent>
	</physicalDescription>
	<note type="statement of responsibility">Eric Alterman.</note>
	<note>Includes bibliographical references (p. 291-312) and index.</note>
	<subject authority="lcsh">
		<topic>Journalism</topic>
		<topic>Political aspects</topic>
		<geographic>United States.</geographic>
	</subject>
	<subject authority="lcsh">
		<geographic>United States</geographic>
		<topic>Politics and government</topic>
		<temporal>20th century.</temporal>
	</subject>
	<subject authority="lcsh">
		<topic>Mass media</topic>
		<topic>Political aspects</topic>
		<geographic>United States.</geographic>
	</subject>
	<subject authority="lcsh">
		<topic>Television and politics</topic>
		<geographic>United States.</geographic>
	</subject>
	<subject authority="lcsh">
		<topic>Press and politics</topic>
		<geographic>United States.</geographic>
	</subject>
	<subject authority="lcsh">
		<topic>Talk shows</topic>
		<geographic>United States.</geographic>
	</subject>
	<classification authority="lcc">PN4888.P6 A48 1999</classification>
	<classification edition="21" authority="ddc">071/.3</classification>
	<recordInfo>
		<recordContentSource>DLC</recordContentSource>
		<recordCreationDate encoding="marc">990730</recordCreationDate>
		<recordChangeDate encoding="iso8601">20000406144503.0</recordChangeDate>
		<recordIdentifier>11761548</recordIdentifier>
	</recordInfo>
</mods>
