<?xml version="1.0" encoding="UTF-8"?>
<mods xmlns="http://www.loc.gov/mods/v3" xmlns:peel="http://peel.library.ualberta.ca/mods-extensions">
	<titleInfo>
		<title>Alberta Historical Review</title>
	</titleInfo>
	<originInfo>
		<issuance>continuing</issuance>
	</originInfo>
	<identifier type="issn">0316-1552</identifier>
	<part>
		<detail type="volume">
			<number>3</number>
		</detail>
		<detail type="issue">
			<number>4</number>
			<caption>no.</caption>
		</detail>
		<date>1955</date>
	</part>
	<note type="season">Autumn</note>
	<language>
		<languageTerm type="text">English</languageTerm>
	</language>
	<genre>journal issue</genre>
	<originInfo>
		<dateIssued>1955</dateIssued>
	</originInfo>
	<relatedItem type="constituent">
		<titleInfo>
			<title>Some Early History of Parkland, Alberta</title>
		</titleInfo>
		<name type="personal">
			<namePart>Thomson, Georgina H.</namePart>
			<role>
				<roleTerm type="text">author</roleTerm>
			</role>
		</name>
		<language>
			<languageTerm type="text">English</languageTerm>
		</language>
		<genre>journal article</genre>
		<originInfo>
			<dateIssued>1955</dateIssued>
		</originInfo>
		<part>
			<extent unit="page">
				<start>5</start>
				<end>10</end>
			</extent>
		</part>
		<recordInfo>
			<recordContentSource>Peel's Prairie Portal</recordContentSource>
			<recordIdentifier>P009021.3.4.5-10</recordIdentifier>
			<recordOrigin>
				<peel:peel3>9021.3.4.5-10</peel:peel3>
			</recordOrigin>
		</recordInfo>
		<note type="copyright">blocked</note>
	</relatedItem>
	<relatedItem type="constituent">
		<titleInfo>
			<title>Henry Bird Steinhauer and his Whitefish Lake Mission</title>
		</titleInfo>
		<name type="personal">
			<namePart>Jordon, Mabel E.</namePart>
			<role>
				<roleTerm type="text">author</roleTerm>
			</role>
		</name>
		<language>
			<languageTerm type="text">English</languageTerm>
		</language>
		<genre>journal article</genre>
		<originInfo>
			<dateIssued>1955</dateIssued>
		</originInfo>
		<part>
			<extent unit="page">
				<start>11</start>
				<end>12</end>
			</extent>
		</part>
		<recordInfo>
			<recordContentSource>Peel's Prairie Portal</recordContentSource>
			<recordIdentifier>P009021.3.4.11-12</recordIdentifier>
			<recordOrigin>
				<peel:peel3>9021.3.4.11-12</peel:peel3>
			</recordOrigin>
		</recordInfo>
		<note type="copyright">blocked</note>
	</relatedItem>
	<relatedItem type="constituent">
		<titleInfo>
			<title>A Blood Indian's Story</title>
		</titleInfo>
		<name type="personal">
			<namePart>Oka, Mike</namePart>
			<role>
				<roleTerm type="text">author</roleTerm>
			</role>
		</name>
		<name type="personal">
			<namePart>Mills, Harry</namePart>
			<role>
				<roleTerm type="text">author</roleTerm>
			</role>
		</name>
		<language>
			<languageTerm type="text">English</languageTerm>
		</language>
		<genre>journal article</genre>
		<originInfo>
			<dateIssued>1955</dateIssued>
		</originInfo>
		<part>
			<extent unit="page">
				<start>13</start>
				<end>16</end>
			</extent>
		</part>
		<recordInfo>
			<recordContentSource>Peel's Prairie Portal</recordContentSource>
			<recordIdentifier>P009021.3.4.13-16</recordIdentifier>
			<recordOrigin>
				<peel:peel3>9021.3.4.13-16</peel:peel3>
			</recordOrigin>
		</recordInfo>
		<note type="copyright">blocked</note>
	</relatedItem>
	<relatedItem type="constituent">
		<titleInfo>
			<title>Historic St. Albert (III): 1883-1889</title>
		</titleInfo>
		<name type="personal">
			<namePart>Tetreault, Alexis, O.M.I.</namePart>
			<role>
				<roleTerm type="text">author</roleTerm>
			</role>
		</name>
		<language>
			<languageTerm type="text">English</languageTerm>
		</language>
		<genre>journal article</genre>
		<originInfo>
			<dateIssued>1955</dateIssued>
		</originInfo>
		<part>
			<extent unit="page">
				<start>17</start>
				<end>20</end>
			</extent>
		</part>
		<recordInfo>
			<recordContentSource>Peel's Prairie Portal</recordContentSource>
			<recordIdentifier>P009021.3.4.17-20</recordIdentifier>
			<recordOrigin>
				<peel:peel3>9021.3.4.17-20</peel:peel3>
			</recordOrigin>
		</recordInfo>
		<note type="copyright">blocked</note>
	</relatedItem>
	<relatedItem type="constituent">
		<titleInfo>
			<title>The Bull Whacker</title>
		</titleInfo>
		<name type="personal">
			<namePart>"P.P. Tenderfoot"</namePart>
			<role>
				<roleTerm type="text">author</roleTerm>
			</role>
		</name>
		<language>
			<languageTerm type="text">English</languageTerm>
		</language>
		<genre>journal article</genre>
		<originInfo>
			<dateIssued>1955</dateIssued>
		</originInfo>
		<part>
			<extent unit="page">
				<start>21</start>
				<end>21</end>
			</extent>
		</part>
		<recordInfo>
			<recordContentSource>Peel's Prairie Portal</recordContentSource>
			<recordIdentifier>P009021.3.4.21</recordIdentifier>
			<recordOrigin>
				<peel:peel3>9021.3.4.21</peel:peel3>
			</recordOrigin>
		</recordInfo>
		<note type="copyright">blocked</note>
	</relatedItem>
	<relatedItem type="constituent">
		<titleInfo>
			<title>Notes and Comments</title>
		</titleInfo>
		<language>
			<languageTerm type="text">English</languageTerm>
		</language>
		<genre>journal article</genre>
		<originInfo>
			<dateIssued>1955</dateIssued>
		</originInfo>
		<part>
			<extent unit="page">
				<start>4, 22</start>
				<end>23</end>
			</extent>
		</part>
		<recordInfo>
			<recordContentSource>Peel's Prairie Portal</recordContentSource>
			<recordIdentifier>P009021.3.4.4, 22-23</recordIdentifier>
			<recordOrigin>
				<peel:peel3>9021.3.4.4, 22-23</peel:peel3>
			</recordOrigin>
		</recordInfo>
		<note type="copyright">clear</note>
	</relatedItem>
	<relatedItem type="constituent">
		<titleInfo>
			<title>Western Bookshelf</title>
		</titleInfo>
		<language>
			<languageTerm type="text">English</languageTerm>
		</language>
		<genre>journal article</genre>
		<originInfo>
			<dateIssued>1955</dateIssued>
		</originInfo>
		<part>
			<extent unit="page">
				<start>24</start>
				<end>24</end>
			</extent>
		</part>
		<recordInfo>
			<recordContentSource>Peel's Prairie Portal</recordContentSource>
			<recordIdentifier>P009021.3.4.24</recordIdentifier>
			<recordOrigin>
				<peel:peel3>9021.3.4.24</peel:peel3>
			</recordOrigin>
		</recordInfo>
		<note type="copyright">clear</note>
	</relatedItem>
	<recordInfo>
		<recordIdentifier>P009021.3.4</recordIdentifier>
		<recordOrigin>
			<peel:peel3>9021.3.4</peel:peel3>
			<peel:peelnew>7152</peel:peelnew>
		</recordOrigin>
	</recordInfo>
</mods>
